Title,Username,Content,Upvotes,NumberOfComments,AccountCreatedEpoch,Subreddit
so depressed that i can‚Äôt handle anyone‚Äôs good news anymore,More-College9062,"i feel like depression has made me the most toxic person i know, seeping negativity at all times. i can‚Äôt handle anyone‚Äôs good news anymore because it gives  me this pain my heart of how i feel compared to them.  i have to hide so much of what my brain really thinks most of the time to be socially acceptable. it truly is a lonely feeling ;(",42.0,3.0,1602661096.0,depression
i am an alcoholic,fuckhypogagnia,"i don't want to be, but i am. my long-term girlfriend hates me and i hate me too. i'm trying, really hard. i'm trying to be better, i cooked a meal today, i cleaned and showered and even went to aa. thanks",648.0,101.0,1595134323.0,depression
"i just told my partner to leave me again, he may actually do it this time, and i want to die",Queen-Keane,"we‚Äôve only been officially together 5 months, but we‚Äôve been talking nearly a year. i always think that i am doing okay but then my low self esteem and mental health issues kick in and i see what a mess i truly am.i love my partner, and i want our relationship to work. but i am convinced that i am absolute shit and that he deserves better. i am convinced that i cannot be the healthy partner he deserves; that i cannot provide him with the happy healthy fulfilling relationship he deserves. i breakdown too much, i talk about myself negatively too much, i do not work a job that allows me to live independently, i do not have much money saved at all, i am awkward, i am anxious, i am ugly, i am selfish, i am a coward, i am just a bad person. i want to be with him, but i also feel obligated to ‚Äúset him free‚Äù so that he can do better. but i do that by constantly telling him the above and asking him to leave me - rather than actually leaving him because i don‚Äôt actually want us to break up. but i told him to leave me again tonight. i told him that i would never stop telling him to leave me because i need to protect him and because he deserves better and i am shit. he told me he is devastated. that i am being unbelievably cruel. that i am not freeing him but rather that i am causing him to question if i ever want to be better and causing him to lose his faith in looking for the good in people ever. he told me i don‚Äôt want this relationship. he told me not to contact him for a few days while he struggles with all of this.i hate myself. for hurting him. for pushing and pulling him. for being who i am. for maybe finally truly losing him. and i just want to curl into a ball and die. he has every right to leave and he should leave. i just hope he doesn‚Äôt. but i don‚Äôt know. i ruined things. i completely ruined them. and if by some miracle he doesn‚Äôt leave this time, i know he‚Äôll have lost his faith in me and some love for me. and i know i will ruin things again. i want to throw up. i just want to be happy and healthy and to be able to be the the partner he deserves. but i am irredeemably broken. he deserves better. and i can‚Äôt believe i hurt him so much. and i hate myself for it. and i want to die. (i‚Äôm absolutely not going to jill myself - i just wish i could cease to exist and erase him from my memory and me from his).",42.0,11.0,1601524483.0,depression
i wish i could start all over again,shesuredidbleedalot,i want to be 14 again and just redo my high school years again. i‚Äôm just not in a good place in my life currently all because i didn‚Äôt try hard while in high school. staying at home and doing nothing for my life these past 4 (almost 5 years) has really taken a toll on me where i never thought it would. i can‚Äôt even talk to people or keep stable relationships because of this dumb shit show i‚Äôm going through y‚Äôknow. i don‚Äôt even see myself living after 25. i really really *really* want to kill myself. i failed the last time. might as well jump off an infamous bridge next time i‚Äôm in town visiting family if i‚Äôm not dead by then. i‚Äôm jealous of everyone i‚Äôve been talking to on social media who is on track of completing college or has a stable job. i‚Äôm a nobody. i‚Äôm the freak that could never ever be good at anything or good for anyone. i‚Äôm a such a burden and i wish my parents would had never constantly call me when i was out trying to end it all. i‚Äôm just a mistake in this world and a mistake to every other person who has talked to me before because i‚Äôm such an asshole. i could never keep my trap shut for the long run.,23.0,2.0,1638225566.0,depression
is anyone still up? i‚Äôm feeling pretty down,AlexPlaysMusic123,"i‚Äôd like someone to talk to, i‚Äôm just feeling pretty down at the moment",42.0,29.0,1550954822.0,depression
my ex has a new boyfriend,xdcutemynutella,"we broke up for about 4 months now. i checked to see how she's been doing last night, stalked her instagram account, and guess what i found, she already has a highlight made for her new boyfriend.it's so devastating to see the love of your life already with another person and whom you wanted to share your life with. i'm crushed. how did you guys deal with this kind of problem? i just want everything to be over",9.0,13.0,1540648645.0,depression
you know its getting bad again when you‚Äôre disappointed you woke up this morning,Mother-Office3652,"sleep makes youre forget your sad. then you wake up like fuck, now i gotta deal with my negative thoughts and constant feeling of emptiness, yay",11.0,2.0,1614440950.0,depression
read this if you are down,kostas1127," names constantine, i am a 22 year old guy from athens currently in possession of a useless degree, an obese life and no future. thats what i was thinking for 3 months straight and it seemed suicide was the only option.i tried dieting and exercising, i started losing weight but my depression kept on increasing. i am jobless, im actively hunting for a job but sadly i get depressing call center jobs for low wage and stressful working conditions. no replies from the good jobs. i spend most of my days crying and thinking of ending myself. i walk outside and all i see if a gray picture of my future. people are happy, decorations everywhere, yet my soul is ready to burst and render me unconcious.went to a psychologist, we talked, helped me for 2 days and then back to reality. went to a psychiatrist, prescribed me some prozac and tranxene for my anxiety. it made me worse, so i stopped it.no more, i am tired of being tired. i want to live this life before i get the chance to end it. i am curious as to what could happen in the future. i want to play this game as long as i can play it. stay believing in your selves.if someone, anyone in this page has anxiety of doesnt believe in himself please, better days are ahead. we are currently in a very sad and depressing phase of our lives.don't do it for me, don't do it for anyone else. do it for you. believe in your positive aspects. no one is born useless and no one dies useless. you all have a role in this little game. stay with me and take good care of your selves.by commiting suicide you are not only ending your potential but you will break the heart of the people who really love you. your parents, your friends, your relatives. people love you. i love you.don't give up.if you need someone to talk to i will be here.you are the best and you matter.",11.0,2.0,1509730994.0,depression
having this extreme urge to cry and sob myself to sleep but can't get a fucking tear out of my eyes is so exhausting,cutthedamnonion,"having to keep my eyes wide open until they burn to get one single tear, it isn't even worth it as in the moment i close them they immediately stop",113.0,11.0,1637693259.0,depression
"i took a depression nap, and i woke up feeling depressed.",MidnightMerit,i'm so tired of feeling tired.,33.0,7.0,1633671931.0,depression
how's your day?,Xyochan,"it's one of those days for me, i'm feeling really down and i've no one to talk to. to make things worse, it's a week before my birthday. not really feeling joyous about it, but anyways how's everyone's day?",9.0,7.0,1433214138.0,depression
i don‚Äôt feel like i belong in this life,morgan__lynnn_,"before anyone thinks, no i‚Äôm not currently suicidal. i have no plans to harm or kill myself. but i always have this thought in my head. i really don‚Äôt think i was cut out to be like, a person. it sounds weird but i don‚Äôt feel like i‚Äôll ever truly belong anywhere. the things that have happened to me and the way that i think doesn‚Äôt fit in anywhere with other people. the way this world is, it‚Äôs disgusting. it‚Äôs cruel and disgusting. i always find myself looking around outside and not even feeling like a person. i feel like i was supposed to be somewhere else. something else. i always picture myself in a field of those yellow rapeseed flowers with no one around. just sun, peace, and happiness. whenever i think of something like that i feel like that‚Äôs where i belong. because that in my head isn‚Äôt what i call earth. it‚Äôs something different. i just don‚Äôt understand how we are supposed to conform to this thing called life and act like we love it when in reality i don‚Äôt feel like i have a place in anyone or anything‚Äôs life on this earth. this probably doesn‚Äôt make sense but i‚Äôm here someone will understand what i‚Äôm trying to say lol. just a thought.",26.0,5.0,1630273024.0,depression
is it just me or does therapy sometimes feel really selfish?,blankspacejrr,"idk if anyone else feels this way, but sometimes i feel bad that therapy is just me talking for a large amount of time.i feel like such a hog, taking up too much space, and i sometimes wish it was more balanced... but i know that kinda defeats the point of therapy? idk. would love to know what y'alls' thoughts are.",30.0,26.0,1594710859.0,depression
"cannot escape negativity, even with weed/liquor",Mother-Office3652,"if i choose to be sober, i deal with anxiety and self doubtif i choose to be high, i deal with depression and negative self talkif i choose to be drunk, i talk down on myself around anyone im around and embarrass myself unintentionally i cannot escape myself",5.0,2.0,1614440950.0,depression
so fucking pathetic,Its_Harn,"i cant even pour one fucking glass of water without spilling it. cant ask for a simple request by myself, cant even order my own fucking food from a waiter. i even dread seeing my friends because of my stupid social anxiety. why do i have to be so fucking pathetic",4.0,0.0,1599574616.0,depression
i don‚Äôt remember these last 2 years?,SiberianMidas,"i (22/f) feel like i was depressed in 2019 and 2020, but this year my depression has been getting worse and now i consider it pretty severe. and i just realized that i barely remember anything these last 2 years, especially 2020. 2020 and early 2021 was a total brain fog and it feels like i jumped forward in time or something. it feels like it didn‚Äôt happen and like that year went by in a couple of days. even though my depression is the worst it‚Äôs ever been right now i feel like i‚Äôm aware for the first time in 2 years. it‚Äôs as though i lost 2 years of my life. however i still feel like life is a dream and like it isn‚Äôt real, it‚Äôs hard to explain but every time i‚Äôm in public i just feel as though i‚Äôm walking in a dream and my mind feels really foggy. i feel pretty emotionally numb as well, like i‚Äôm dead inside most days. my mind is super active, i feel like my thoughts are racing often and it sometimes makes me feel physically nauseous. i can‚Äôt think about my past or my life, i have to constantly distract myself not to. i‚Äôve been struggling with my mental health since i was 12 but i‚Äôve never felt this mentally ill in my life. i feel like something is wrong with me. i‚Äôm trying to find a job in another city and move out of my parents house to start a new life, but i don‚Äôt have any motivation to do anything anymore. i have really bad social anxiety that i‚Äôve had since i was 12 so it makes it a lot harder for me to move out. i‚Äôm just on autopilot and i‚Äôm really tired. i don‚Äôt feel happy or very sad, most of the time i just feel numb and exhausted. sometimes i get really bad anxiety and i have to talk myself into calming down. and sometimes i feel intense emotional pain that‚Äôs really hard to deal with, and i can‚Äôt even cry. i started therapy last week but i don‚Äôt think it will help me, it never has before. i‚Äôm not suicidal in the sense that i would never do it because of my family, but if i didn‚Äôt have them i would probably have kms already.",6.0,2.0,1574775192.0,depression
do therapists sometimes not want to admit they don‚Äôt know how to help their patients?,biblejuice,"i‚Äôm reposting here since nobody replied in the other subreddit hey so i‚Äôve been going to therapy for some months and tbh i don‚Äôt think my therapist is dumb or that she can‚Äôt do her job but sometimes i get the feeling that she doesn‚Äôt want to admit that she doesn‚Äôt have the tools to help me. i have both an eating disorder and severe depression, but i‚Äôve learned to deal with the eating disorder, meaning that yeah it‚Äôs there but it doesn‚Äôt consume all my time and energy like it used to (i‚Äôm borderline anorexic, not severely underweight but i still heavily restrict but i don‚Äôt starve myself)depression on the other way is truly eating me alive, in the past few months i‚Äôve been progressively isolating myself and i lost the ability to focus on the simplest things. i‚Äôm consumed by the guilt and despair because i feel like i‚Äôm not in charge of my thoughts and actions, i wish i had the energy to focus on my passions and my studies but everything that isn‚Äôt lying in bed seems too hard and difficult and i go to therapy weekly to talk about this, i‚Äôve made it clear to my therapist that i can‚Äôt seem to feel better and i desperately need to find a way to recover some energy but she almost always shift the conversation back to my eating disorder or the relationship with my family. which isn‚Äôt what i want to talk about, or what truly is ruining my daily lifeshe‚Äôs very anti psychiatry and anti depressants (in a way i am too since my experience with psychiatrists and meds has been only disappointing: i have taken antidepressants for years and they have never done anything to help my mood or my ed) but i somewhat get the feeling that she doesn‚Äôt really know how to truly help me so instead she chooses to focus on what she thinks she can help me with. am i paranoid or do you think that this can happen: for therapists to be to ‚Äúprideful‚Äù to admit they can‚Äôt help one of their patients?",86.0,39.0,1623963937.0,depression
old friend depressed,Mistress2021Toises,"my friend is very depressed and been having suicidal thoughts lately. i‚Äôve stalled him for a few days to not go through with it. today he says he is planning on leaving his home at midnight to leave. which i know he means to do the job.his parents don‚Äôt like me and i don‚Äôt remember his parents names nor address. he doesn‚Äôt live in the same town as me. i don‚Äôt know if i should call 911 or try reaching out to his parents. i only know their last name.i don‚Äôt know what to do and i truly care about this friend. he went to therapy before, but the therapist was no help. any recommendations of what to do? he doesn‚Äôt understand how much i care and he matters to me. i keep telling him that over text but he ‚Äúdoesn‚Äôt care‚Äù. i don‚Äôt want to loose someone i was close to. we haven‚Äôt seen each other in about 4 years. but we went to high school together. please, any recommendations can help.",74.0,27.0,1623739392.0,depression
i don't know anymore.,maidguitarist,"lately i've been feeling like shit, smashing sharpeners to get the blades out. i don't know what to do anymore, life hurts so much...school is overwhelming, my birthdays never go well, i just end up having a panic attack once or several times.&#x200b;i'm sick of it, i don't want another birthday...i just want someone to talk to and for someone to tell me things will be okay when i know that's a load of bullshit.",4.0,0.0,1637315564.0,depression
"""it's ok to not be ok"" is bullshit",coco_sbx,"been about 10 or 12 weeks since i last had a genuine smile. the ones i have today are to please others. feeling shit is not ok. i get that it's normal every now and then but for 8 or 9 years i've felt like everyone is better off without me in their lives. ending it is selfish on people i love but also not ending it is selfish too. because if people are better off without me then staying here is doing more harm. ü§∑‚Äç‚ôÇÔ∏è i don't know, loneliness is a c*nt.",28.0,9.0,1633916427.0,depression
my best friend died a couple days ago and my mum is still making me do things for her,gayNsadrefrigerator,"i've been depressed (not diagnosed bc i can't see a therapist) and suicidal for a while now and since my best friend's (i'll call her x) death like 6 days ago things have just gotten a lot worse an it seems like no one cares or is taking me seriously. like 2 days after her death my mum wanted me to babysit her friends 6 year old instead of going to a sleepover with my friends (they were all close to  x) when she knew that i needed to be with them, a couple days ago she made me go to her friends birthday party with her because it'd make her look bad if i didn't despite me clearly not being in the headspace for that and today she's been making me help her remove the carpet even though i feel like absolute shit. i just couldn't take it anymore so i finished the section i was doing and went straight to my room. i'm so angry and i can't let it out, i just want to scream but i can't. i'm so fucking exhausted and no one seems to care",4.0,2.0,1628945005.0,depression
drinking conversations,Lady_Sarahawke,"hello,i stopped drinking a few months back as it makes my depression harder and it has helped. i find it hard to tell people i've stopped drinking because i don't want to lie but also feel like saying ""i stopped drinking because i'm depressed and it makes me really low and more depressed"" is a bit of a heavy statement. has anyone else had this issue?thanks,sarah",3.0,2.0,1620142069.0,depression
i wanna die,_headfirstforhalos_,i cant focus on anything i cant focus my eyes i purposely triggered myself relapse is inevitable,9.0,3.0,1591347495.0,depression
the right hug could save my life.,VeeezyDaVirus,how do you know when you're ready to die? why doesn't anyone love me? what have i done to deserve a life where no one wants to even hug me or kiss me. a lonely virgo in a world that doesn't see me. 4 years since my mom died and even my children aren't enough. i used to think they need me but i see they only need god. i'm so ready to leave this life. noone should be so alone it's crippling. even around friends and family i feel like a ghost. i don't think i could ever take my own life but i really wish god hurries up. this is an evil world with tons of evil people and it's just not fair to those who want no parts in that evil. so smart i'm stupid. 1 more story of my life. i seen success just like i've seen failure. i've sung in the sun just like i've sung in the rain. i've known the joy just like ive known  the pain. i've been good and i've been bad. tomorrow belongs to those who prepare for it today. where's my death at?,6.0,0.0,1612093242.0,depression
what is the point of living,Kayoppo,why is life so meaningless. i wish i was a normal person. i wish i didn‚Äôt experience major stress and anxiety my whole life. i wish i had a goal in mind or something that made the struggles worth it but i can never think of anything. i hate my life.,14.0,3.0,1636673476.0,depression
i think i need to see someone.,0bvious_answer,"i wrote a checklist of what goes on in my brain. is this normal for depression or do you think i‚Äôm even more broken?  overwhelmed with the routine. sorting out the kids, sorting out the home, work, study,  often give up example  ‚Äúwhat‚Äôs the point cleaning when it‚Äôs going to mess again‚Äù distracted - can never finish one thing, get distracted and overwhelmed and go onto the next thing. so many loose ends that make me very anxious that i cannot or have not finished. quick to anger when i get interrupted. it takes a lot to focus on one thing and when i get interrupted i know it will take a lot of time to get back to task if i can. i know this and get snappy and just give up with many interruptions. terrible body image. often don‚Äôt understand why my husband even stays with me. why would people even like me. i look awful and  feel i am just an awful person inside and out.  cannot accept compliments. i hate looking at myself in the mirror. often i‚Äôll avoid showers mirror etc so i don‚Äôt have to look at my body. i refuse to be in photos.  i‚Äôm always late because nothing looks good on me or i don‚Äôt have the right clothes. i refuse to buy new clothes because nothing looks good on me anyway. i feel frumpy, ugly, like an old lady. thinking i am a burden and my family would be happier without me in it. burden to friends and family. i‚Äôm just a waste of space, a shadow in a room. intense guilt always. when i work i am guilty i am not spending time with children or family. when i am with kids i am guilty i‚Äôm not doing study or client work. i feel guilty i am even feeling depressed. i should be lucky i have a great support network. people have it way worst than me. i am lucky and i should be feeling how i am. i feel jealous of those who succeed when i feel i work 10 times harder and make so many sacrifices . i feel jealous of relatives that have time to play with my kids when i can‚Äôt (because of work/study commitments) i feel jealous my husband can leave and go to work, while i am at home. i feel depressed in my home. we have too much stuff and not enough space. it‚Äôs cluttered and i am embarrassed, we don‚Äôt have people over. i don‚Äôt like people looking at me in public. when i am out and see someone whispering or laughing i assume they are making fun of me or it‚Äôs at my expense. when something is said where i have been out of line or someone says something insulting to me i cannot forget. i over think this. i overthink everythingi am a perfectionist and if things aren‚Äôt perfect i‚Äôll often do it again or consider myself a failure. i get very depressed with my grades if they are not 100%. i am terrified to look at our finances.  my husband and i fight about this the most. i cry often and often wish i wasn‚Äôt around. i have a history of self harm and lately it‚Äôs the only release of pent up anxiety. my kids are literally saving my life. when i drive in my car alone i often think about drifting out of the lane. fast and quick into a tree. i can‚Äôt say no or delegate work to anyone else because i get frustrated and angry they will not do it properly. i have a lot on my plate with work because of this. i have panic and anxiety attacks and go into flight or fight often. i‚Äôll waste time just staring into space. i‚Äôve known i‚Äôve had to see someone for so long. but i‚Äôve hidden behind being an extrovert.",4.0,1.0,1597923966.0,depression
feeling a little down.....is a tsunami coming?,Fluffeevee,i freak out anytime i start to feel a little down or melancholy because my brain automatically wants to brace for a tsunami to hit. you know the type of depression where you can't get out of bed without feeling like you'll die. the passive suicidal thoughts. the apathy and the despair. the isolation and the lack of energy to function as a human being. surviving as a blob of cells and tissue wanting to be anywhere but planet earth. just the thought of having to go through it again puts me in a panic.,31.0,3.0,1485648641.0,depression
empty.,No-Priority-7475,im feeling this emptiness again.idk what to do about it.questioning my existence and purpose.,3.0,1.0,1629897483.0,depression
is it normal to feel depressed after every argument?,Throwmeawayletmestay,"i have struggled with clinical depression for many years. after any argument i have, no matter how minor & whether it be with parents, friends, or so, i fall into a depressive hole. basically until it gets resolved and/or until i get over it. for example lately whenever my so and i argue & can‚Äôt come to a resolution i cry nonstop and get depressed until we figure it out. it triggers other parts of my depression & makes me self shame or self hate. this can last for hours or days on end depending on whether we figure it out or both decide to sulk and neither apologizes.is this normal? i feel so horrible for putting my so through this. he gets super down too usually to see me so depressed & he struggles with some form of depression too. i hate it, i wish i wasn‚Äôt like this and wish i could control it better. i don‚Äôt want to put anyone else through this just because i have depression. i don‚Äôt know what to do anymore. it seems more like a me problem than anything. any words of comfort or advice are much appreciated.",14.0,2.0,1638758273.0,depression
depression destroyed my life,Utertoq,"i don't need to kill myself, because i'm literally a living dead piece of crap lmaoliterally, when depression hits you since you're a child, you're basically a broken person for life.",2.0,0.0,1521747020.0,depression
i am so tired but i cant rest.,LautaM01,"i can't sleep, i have been awake all night playing games. now its 10am and i am so tired of thinking and feeling this sad, i cant sleep even if i try. what do you do in this situations?",2.0,2.0,1628544986.0,depression
i don‚Äôt know,olivedreams,i think i might just kill myself. i hate myself. this is a mental low. i want to stop feeling like this. i‚Äôm tired. i want this to be over. i tried half assed cutting earlier. not very deep. but i‚Äôm tired. sorry. lol,16.0,6.0,1525224403.0,depression
only person i hate is me,J_Eno,"i‚Äôm not the type to hate anyone, i‚Äôve never felt hatred towards a person only mere dislike. but i feel as though i‚Äôm starting to hate myself. because of the things i feel like was my fault or shit i said wishing i could take it back. i wish i didn‚Äôt fuck everything up",5.0,2.0,1635086344.0,depression
depressed and lonely - please help,VeechuRoti,"hi, just for some background i am 19f and am in my first term of university. i have never really had friends before this. in primary school, people did not like me. i had friends but obviously children end up slipping and i realised that sometimes i was the butt of the joke.  in secondary school. i became less shy and tried talking to people more but then one day when talking to a classmate, i realised my classmates found me annoying (which there were signs for). i became really quiet after that and withdrew because i realised people were just acting nice to my face but then talking about me behind my back. i started talking to a girl in one of my lessons and after a while, she literally wrote an article about how i was talkative and annoying mentioning my name and publishing it on the internet. she changed it after i shared this out of frustration to the few people i actually somewhat spoke too and they agreed that it was rude. i think they took matters into their own hands and wrote some messages on the group chat talking about how rude doing it was to do something like this (but not specifically to or about her) which prompted her to change it. in the sixth form, i hung out with more people but all they really did was laugh at me (even if nothing really had happened). i talked to people in lessons but nobody really cared about me. i thought i has a friend when some guy invited me to sit with him when my usually lab partner was not in, talked to me a lot and texted me but then he just did not acknowledge me for three months. throughout this, i thought i had one friend but i think it is becoming more and more clear i am just something for her to dump her stories to or rant to. i remember she sent me screenshots of her talking to a guy and they mocked me telling me my wedding cake would have maths equations on it.somehow, i got into a competitive university even though most people thought i would not be the type of person to get in. i try to talk to people but find it hard to connect with other people and their interests. i either get blamed even if it was their fault or talked at. also, the same person likes to highlight how small she is and how she gets a lot of male attention but also calls herself 'fat' which i find triggering since right before university i was restricting a lot and as a result of eating more have gained 20kg. she is also quite bossy and after i highlighted i did not like being treated this way she said it was me so now i don't know who's at fault. i feel really stupid at my university and it is not imposter syndrome because i do not doubt my abilities - i just feel like i have lost the will to try hard. the same girl tells me i look like i have no idea what's happening even though she talks over other people and is wrong a lot as well. i literally have two friends. one is from my old school who invites me to places but going there always reminds me of how alone i am and how i can never relate to people.i know people tell you to go out and meet new people which is what i have tried. i have gone to societies and talked to people and when i feel the worst has decided to reconnect with old friends or people i have talked to. however, even though i can talk to people, nobody ever wants to hang out or be friends. the other friend likes to hang out twice but it is usually with other people and i feel like the third wheel a lot.most nights at university i cry myself to sleep. i have contemplated suicide a little but know it will hurt my parents too much and that i have come so far that having few friends seems like a not good enough reason. however, i am finding it hard to cope. i have always felt unattractive and have rarely got compliments and i know i am definitely unattractive. the only people who have remotely appeared interested in me were creepy, lonely tutors when i was 16. people my age probably think i am overweight and ugly. i remember once a girl in my class saw a photo of me saying i was cute and then was like to the guy who i mentioned earlier 'isn't she cute' and he just remained silent. i know i can lose weight and lost 25kg last year however i nearly and probably already had slipped into an eating disorder.i just feel so empty and sometimes i feel so much pain that i can feel it in my chest. i feel like it is me - maybe i'm rude, bossy and inconsiderate but i try to be nice and then afterwards treat others the same way they treat me. my flatmates seem annoyed i implied they were loud at midnight but i had not complained of so long and they were shouting in the kitchen. i thought i was making friends with another flatmate but then she would completely ignore me when other flatmates were in the room which after a month prompted me to withdraw from her. this could be low self-esteem but i think it is more like frustration that people might think i am unreasonable e.g. implying flatmates are loud even though in a flat it would be nice to be considerate of everyone and they can party and make noise in the kitchen preferably not full-on continuously shout and scream at the top of their lungs. i don't even know who i am anymore - my solace is basically daydreaming about life where i am tall, fit and have one close friend.i just want to know if anybody else feels this way?",2.0,1.0,1630582260.0,depression
getting drunk is my only personality trait,Dazzling_Nectarine34, yay for underage drinking,4.0,1.0,1620440757.0,depression
what is worse depression or be in prison without depression?,rvlada29,"1. if prison isn't 25 or life, you know when will be over. for depression, you don't know.2. you can't see your friends and family in prison everyday, but you can have a visit and you are glad to see them.i don't feel anything when i see them.3. you can workout in prison. yes, you can workout when you have depression, i tried, it's harder on medication + there is no good feeling after workout.4.you have will to read, talk, draw, anything.d: no will to live.5. hope for better life when you go outd: hope, what was that, i can't remember.6. no job in prison.d: i had to quit my job, i can't work7. no sex, maybe if they rape you.d: no libido. my brain is raping me every day.8.ok, food is better than in prison, but i don't feel any satisfaction when i eat.9. what do you think?",2.0,1.0,1569222522.0,depression
my apartment feels like a prison,focusrunner79,"it‚Äôs like there‚Äôs nothing outside of it for me. no friends, no girlfriend, nothing. i could go wander around town like a homeless bum hoping that some random stranger would strike up a conversation with me, but that hardly ever works and i feel defeated after doing something like that anyway.",5.0,1.0,1519203287.0,depression
am i really in depression?,simielGensis,"i really question myself this a lot of times i mean how do you explain this, i have a good family, i'm well off, no love crysis, have friends and all but in the end i can't just get rid of this pit in my heart it's not that i don't smile laugh and all but nowadays more then ever  this feeling keeps growing more and more felt suicidal once and almost acted on it the 2nd time tried to tell them to my friends but they brushed it off there's a lot of things that i want to write but it just feel complicated if i can't discribe them in words, now i guess i'm writing this so just maybe someone can tell me this that it's normal to feel this..",109.0,19.0,1584747560.0,depression
socializing feels like acting,mustydusterman,"i‚Äôm terribly alone. within the past years i isolated myself and find myself with very little friends, and i definitely spend many days at a time talking to no one. i‚Äôm in a weird middle space, though, where i definitely feel lonely, i long to belong, but i don‚Äôt have the mental stability to even try to belong right now. i can only describe trying to make friends or talking to my old ones as acting, like i‚Äôm forcing my eyes wider and holding a grin and working on overload to try to come up with the words to pretend to be invested. it‚Äôs not even social anxiety, i just see how fake social situations are in its entirety and i‚Äôm just losing hope in caring.",15.0,0.0,1497889007.0,depression
bad feelings,composer13,"i cannot shake these awful feelings. i get very anxious, paranoid that people are focusing their attention on me at all times. i feel like i am being watched all of the time. i feel like famous people are thinking about me quite often even if i have never met them in person or even if i've never interacted with them online. i go through a repeated cycle of one negative thought after another. these thoughts are always rooted in the feeling that i am always the victim, that i am being attacked or persecuted in some sort of way. to make matters worse, before i started taking wellbutrin i was frequently having bad dreams where i was always being attacked by people, things, objects, ghosts, demons etc. i am prone to extreme irritability. although i am not violent towards anyone, my temper and my emotional state can be very extreme. i get overwhelmed by my environment. the sound of a car revving it's motor can irritate me beyond belief.",3.0,0.0,1598750255.0,depression
its getting bad again,beaniemeanie24,i am so tired. i feel like i am just walking through the motions of life. i hate talking and interacting with anyone. i just want to be left alone but at the same time i still crave love. i wish i didn't have any emotions. im so tired of feeling. sorry if this is to much.,4.0,1.0,1628715609.0,depression
have you traveled or finally did something that you thought would ‚Äúfix you‚Äù or bring you some sort of joy but you‚Äôre still severely depressed?,sadpinkgirl,"because same here. i went to disneyland for the first time ever 5 years ago when i was 18 when my depression started and i literally didn‚Äôt care about being there at all what so ever. i was so depressed i just didn‚Äôt care about being there, i had absolutely no energy for it and all i kept thinking was how i wanted to go home. well anyways recently i went to vegas with my friends at 23 years old this year in may to see if it would bring me joy or cheer me up somehow.. and yeah you guys already know the answer don‚Äôt you. i just wanted to leave that whole entire time  and just go home. being there was so exhausting. everything feels exhausting to me now that i‚Äôm depressed even things that are ‚Äúsuppose to be fun‚Äù the only thing i find enjoyable and fun is going to sleep.",4.0,13.0,1622318928.0,depression
a little vent.,20229251throwaway,"have been feeling quite low since the past few days. i seem to have lost all my appetite, and am  forcing myself to eat. my favorite bit to do has been crying. just wanted to vent out a little, it seems to help.",2.0,1.0,1638790892.0,depression
i need to be punished more,fishcess-aria,they ask if i feel like i'm being punished. i fucking deserve it. i deserve worse. the truth is i need to be punished more. everybody agrees with this. it's just justice. it's wrong to think otherwise.,38.0,14.0,1635383229.0,depression
ive been having breakdown for like thirty minutes now during class in school,Trixic_bb,"nobody really noticed, but meh. i feel like im faking it because i never attempted suici*e and only ever talk about it. i feel like i mess up everything i do.i cant have even the good parts of being depressed neurodivergent gay teen, like cool style, forever ocs (thats what i call making my own characters id write stories about, lots of now successful authors used to have those), writing fanfiction or being passionate about something that way in general, making longterm friends online, mastering one single hobby to perfection, having a special interest show/book etc etc. i have none of that. i just can't have the good things either, even though its questionable how good they are, but i feel like i lack the universal experience.and when something good comes, even for a short while, i overthink it until im sad. my mind forces me to imagine my best friend dying. i pushed myself into hating a book that once made me happier than anything because of online critics. i'm in a circle and i can't get out of it. i tried going to therapy but when i tried to make third appointment, the therapist stopped responding and left me on ""read"" for over a month now. i'm in an environment that doesn't let me heal, nor can i escape it without huge future consequences.everybody only ever says ""itll get better eventually"" or some version of that but im so tired of waiting. i dont even know what i want from this, i guess its a vent. im sorry if reading this has bothered you",2.0,3.0,1610360669.0,depression
put me to sleep til i die,justsomeoneph,"anything i can buy at the drug store? idk anymore. just suggest guys. nothing will make me want to live anymore.if i cant find something, might just do what i did last time except i wont let myself survive.",2.0,3.0,1614235788.0,depression
depression‚Ä¶ was it adhd all along??,hallouminati_,"hello everyone,29 m‚Ä¶ thought i‚Äôd share something with you about my mental health/depression journey. i‚Äôve been depressed for about 4 years or so. i‚Äôve tried anti-depressants, been in therapy for 3 and a myriad of self help books and ‚Äúfixes‚Äù (such as exercise & healthy eating) all to no avail.after wrestling with my local doctor here in the uk and pushing back on my therapist that it was just normal to feel like this, i ventured to a private gp who after 30 minutes flagged adhd and referred me to a leading psych in the uk.a couple of consultations, i now have an adhd diagnosis and the psych believes that my depression symptoms may be a by product of it. i would have never thought i had adhd - and i may have autism too which i am going to do further exploration into next year. in my self diagnosis prowess, i suspect i have been trying to conform to ‚Äúnormal‚Äù in adulthood and have been robbed of joy and energy through doing so - or so i hope :)why am i sharing this? firstly probably for sympathy as my depression feels extremely real, and has done for years. but also to highlight for anyone else to turn the adhd stone over and get checked if you have the symptoms.has anyone else been diagnosed or thinking about getting checked?thank you, much love!",3.0,1.0,1553162033.0,depression
i(26yr m) regret having kids because i every day i have this intrusive thought about how badly i want to die,Universaltarget,"***trigger warning***this is a dud account for my own privacy.i(26yr m) regret having kids because i every day i have this intrusive thought about how badly i want to die, to just disappear completely somehow. i have 2, a 5yr girl and a 1yr boy..mom and i split up last year(she has custody while i get them on weekends), which is totally fine for me as i called it off long ago it just wasn‚Äôt a good relationship. it‚Äôs not what bothers me..my dad killed himself in my parents old backyard jan of 2018 and i haven‚Äôt been able to recover from the trauma of finding his body lying lifeless against the fence that he and i had built together. after that i picked up a short lived drinking problem to ignore what i was going through emotionally and mentally and later attempted my own suicide that ultimately left me with a huge scar across my forehead to remind me how i failed ending up in a mental institution for a week and now i look like a fucking wreck. i no longer feel appealing, in anyway shape or form and i contemplate dying every day out of sheer loneliness and to escape the despair inside my head. i don‚Äôt know what to do anymore, i can‚Äôt afford therapy and i have 0 will to do anything with my life anymore. it‚Äôs like i‚Äôd rather sit at my desk staring at a blank wall and think of how great it would be if i were to catch some nasty illness or better yet randomly shot dead because i don‚Äôt know if i can do it myself. i‚Äôve completely lost interest in every part of my life. i love my kids with all of my heart and it breaks me to know how i feel about life knowing the damage it left when my dad decided his fate. i can‚Äôt stand the fact that i brought two beautiful people into this world and i wanna take myself out of it. i‚Äôve tried acting like this is normal but i‚Äôm realizing that i‚Äôm tired, and i‚Äôm fighting with myself over this thought and i don‚Äôt know how long i can keep going.",5.0,8.0,1638766169.0,depression
